Date,Number,Customer,Pieces,Weight,Amount
24/02/22,ADBGQA001613,KARUNA PENDKE,1,11.14,2878.84
24/02/22,ADBGQA001614,JAMAL UDDIN ABDUL KHALEK KABIRAJ,1,4.45,1169.29
24/02/22,ADBGQA001615,JOSHIBA BENANCE BENANCE XAVIER,1,1.79,540
24/02/22,ADBGQA001616,NAILA HAFIZ ABDUL HAFIZ KHAN,3,30.53,7900
25/02/22,ADBGQA001617,KISHORE REDDY T,3,10.26,2978.11
25/02/22,ADBGQA001618,MUHAMMAD ANEES MUHAMMAD ASLAM,1,1.81,565.01
25/02/22,ADBGQB002820,RAHUL SANTHOSH,1,12.12,3000
25/02/22,ADBGQB002821,MOHAMED NALEEM MOHAMED HANISHA,1,9.72,2491.69
25/02/22,ADBGQB002822,KULDEEP SINGH JASPAL SINGH,1,5,1238
26/02/22,ADBGQB002823,RAHUL SANTHOSH,1,15.85,3896.36
26/02/22,ADBGQB002824,MOHAMMAD YOUSUF MOHAMMAD ELIAS,2,21.32,5260
26/02/22,ADBGQB002825,MUHAMMAD MUSHTAQ MUHAMMAD RAZZAQ,2,25.43,6380.97
26/02/22,ADBGQB002826,MOHAMMED FAZAL AMIN NURUL AMIN,1,5.89,1500
26/02/22,ADBGQB002827,NARESHKUMAR RAMALINGAM,1,10.57,2566.14
26/02/22,ADBGQB002828,SIVAKANDAN SRINIVASAN,1,10.22,2432.12
26/02/22,ADBGQB002829,NARESHKUMAR RAMALINGAM,1,2.45,645.26
26/02/22,ADBGQB002830,GURUMOORTHI POWNRAJ POWNRAJ,2,50.54,12160.62
27/02/22,ADBGQB002831,AYSHA AKTER,2,19.71,5722.06
27/02/22,ADBGQB002832,BALAGURUSWAMY,1,5,1200
27/02/22,ADBGQB002833,MUHAMMAD ASHFAQ,1,10.3,2500
28/02/22,ADBGQB002834,ABDUR RAHIM MOHAMMAD YOUNUS,4,22.84,5950
28/02/22,ADBGQC002437,MOHAMMED JAMAL UDDIN NURUL ISLAM,2,20.11,4943.66
28/02/22,ADBGQC002438,BALAGURUSWAMY,1,8,1815
28/02/22,ADBGQC002439,REINALYN CRUST MERCADE,1,15.24,3856.65
28/02/22,ADBGQC002440,RAJESH KUMAR VEERASWAMI,1,9.88,2481.76
28/02/22,ADBGQC002441,SOJI JOHN,1,1.15,335
28/02/22,ADBGQC002442,RAJESH KUMAR VEERASWAMI,1,5.9,1492.03
29/02/22,ADBGQC002443,DEEPIKA MURLIDHAR RAMASWAMI VAIDYANATHAN,2,8.38,2063.23
29/02/22,ADBGQC002444,RAJESH KUMAR VEERASWAMI,1,8.02,1823
29/02/22,ADBGQC002445,REMA VIJAYAN RAMAN,1,3.89,1080
30/02/22,ADBGQC002446,MOHAMED ALY AGEIM,1,1.69,461.61
30/02/22,ADBGQC002447,PRINCE GUPTA VIJAY GUPTA,1,11.89,3037.67
